{
  "util/formatter.js.map": 1748543813277,
  "i18n/i18n_es.properties": 1747701305266,
  "i18n/i18n_en.properties": 1747701312702,
  "i18n/i18n_es_ES.properties": 1747701309006,
  "model/models.js": 1743708243729,
  "util/formatter.js": 1748502095520,
  "model/PDF_Structure.json": 1745944315458,
  "lib/jspdf.js": 1748309324980,
  "controller/Main.controller.js": 1748543528540,
  "controller/Detail.controller.js": 1748493151599,
  "controller/BaseController.js": 1748543751272,
  "controller/App.controller.js": 1746655211163,
  "manifest.json": 1748543812988,
  "Component.js": 1746655249587,
  "Component-preload.js": 1748543814621,
  "controller/Detail-dbg.controller.js": 1748493151599,
  "controller/Detail.controller.js.map": 1748543813309,
  "util/formatter-dbg.js": 1748502095520,
  "i18n/i18n.properties": 1747756374048,
  "lib/jspdf-dbg.js": 1748309324980,
  "lib/jspdf.js.map": 1748543814237,
  "controller/Main-dbg.controller.js": 1748543528540,
  "controller/Main.controller.js.map": 1748543813241,
  "model/models-dbg.js": 1743708243729,
  "model/models.js.map": 1748543813249,
  "controller/BaseController-dbg.js": 1748543751272,
  "controller/BaseController.js.map": 1748543813294,
  "controller/App-dbg.controller.js": 1746655211163,
  "controller/App.controller.js.map": 1748543813280,
  "Component-dbg.js": 1746655249587,
  "Component.js.map": 1748543813286,
  "Component-preload-dbg.js": 1743708243729,
  "Component-preload.js.map": 1748543814622,
  "view/Main.view.xml": 1748542294307,
  "view/Detail.view.xml": 1748502176796,
  "view/App.view.xml": 1746655211163,
  "css/style.css": 1743708243729,
  "images/Logo.png": 1745346534097,
  "ui5-deploy.yaml": 1748296656684,
  "manifest_.txt": 1748038370958,
  "index.html": 1748308944380
}