{
  "controller/Detail.controller.js.map": 1747668257616,
  "i18n/i18n_es.properties": 1747594671905,
  "i18n/i18n_en.properties": 1747594677433,
  "i18n/i18n.properties": 1747596354410,
  "controller/Main.controller.js": 1747597793490,
  "model/models.js": 1743708243729,
  "model/PDF_Structure.json": 1745944315458,
  "util/formatter.js": 1747597589870,
  "controller/Detail.controller.js": 1747597769946,
  "controller/BaseController.js": 1747597658190,
  "controller/App.controller.js": 1746655211163,
  "manifest.json": 1747668257331,
  "Component.js": 1746655249587,
  "Component-preload.js": 1747668257824,
  "controller/Main-dbg.controller.js": 1747597793490,
  "controller/Main.controller.js.map": 1747668257600,
  "model/models-dbg.js": 1743708243729,
  "model/models.js.map": 1747668257592,
  "util/formatter-dbg.js": 1747597589870,
  "util/formatter.js.map": 1747668257607,
  "controller/Detail-dbg.controller.js": 1747597769946,
  "i18n/i18n_es_ES.properties": 1747594675441,
  "controller/BaseController-dbg.js": 1747597658190,
  "controller/BaseController.js.map": 1747668257602,
  "controller/App-dbg.controller.js": 1746655211163,
  "controller/App.controller.js.map": 1747668257602,
  "Component-dbg.js": 1746655249587,
  "Component.js.map": 1747668257605,
  "Component-preload-dbg.js": 1743708243729,
  "Component-preload.js.map": 1747668257824,
  "view/Main.view.xml": 1747596946232,
  "view/Detail.view.xml": 1747597680990,
  "view/App.view.xml": 1746655211163,
  "images/Logo.png": 1745346534097,
  "css/style.css": 1743708243729,
  "index.html": 1746655211163
}