{
  "controller/BaseController.js": 1751988837624,
  "i18n/i18n_es.properties": 1747701305266,
  "i18n/i18n_en.properties": 1747701312702,
  "i18n/i18n.properties": 1747756374048,
  "Component-preload.js": 1756938037380,
  "model/models.js": 1743708243729,
  "model/PDF_Structure.json": 1751987952755,
  "lib/jspdf.js": 1748309324980,
  "controller/Main.controller.js": 1750090374863,
  "controller/Detail.controller.js": 1751988789356,
  "i18n/i18n_es_ES.properties": 1747701309006,
  "controller/App.controller.js": 1746655211163,
  "manifest.json": 1756938036228,
  "Component.js": 1746655249587,
  "util/formatter.js": 1749681636753,
  "controller/Main-dbg.controller.js": 1750090374863,
  "controller/Main.controller.js.map": 1756938036418,
  "model/models-dbg.js": 1743708243729,
  "model/models.js.map": 1756938036398,
  "lib/jspdf-dbg.js": 1748309324980,
  "lib/jspdf.js.map": 1756938037025,
  "Component-preload-dbg.js": 1743708243729,
  "Component-preload.js.map": 1756938037381,
  "controller/Detail-dbg.controller.js": 1751988789356,
  "controller/Detail.controller.js.map": 1756938036424,
  "controller/BaseController-dbg.js": 1751988837624,
  "controller/BaseController.js.map": 1756938036443,
  "controller/App-dbg.controller.js": 1746655211163,
  "controller/App.controller.js.map": 1756938036420,
  "Component-dbg.js": 1746655249587,
  "Component.js.map": 1756938036422,
  "util/formatter-dbg.js": 1749681636753,
  "util/formatter.js.map": 1756938036435,
  "view/Main.view.xml": 1748894608357,
  "view/Detail.view.xml": 1748502176796,
  "view/App.view.xml": 1746655211163,
  "images/Logo.png": 1745346534097,
  "css/style.css": 1743708243729,
  "ui5-deploy.yaml": 1748296656684,
  "manifest_.txt": 1748038370958,
  "index.html": 1748308944380
}