{
  "controller/Detail-dbg.controller.js": 1747778519338,
  "i18n/i18n_es.properties": 1747701305266,
  "i18n/i18n_es_ES.properties": 1747701309006,
  "i18n/i18n.properties": 1747756374048,
  "controller/Main.controller.js": 1747760330929,
  "model/models.js": 1743708243729,
  "model/PDF_Structure.json": 1745944315458,
  "util/formatter.js": 1747756681825,
  "controller/Detail.controller.js": 1747778519338,
  "controller/BaseController.js": 1747776880262,
  "controller/App.controller.js": 1746655211163,
  "manifest.json": 1747873402161,
  "Component.js": 1746655249587,
  "Component-preload.js": 1747873402622,
  "util/formatter-dbg.js": 1747756681825,
  "util/formatter.js.map": 1747873402382,
  "model/models-dbg.js": 1743708243729,
  "model/models.js.map": 1747873402374,
  "controller/Main-dbg.controller.js": 1747760330929,
  "controller/Main.controller.js.map": 1747873402381,
  "i18n/i18n_en.properties": 1747701312702,
  "controller/Detail.controller.js.map": 1747873402403,
  "controller/BaseController-dbg.js": 1747776880262,
  "controller/BaseController.js.map": 1747873402383,
  "controller/App-dbg.controller.js": 1746655211163,
  "controller/App.controller.js.map": 1747873402383,
  "Component-dbg.js": 1746655249587,
  "Component.js.map": 1747873402386,
  "Component-preload-dbg.js": 1743708243729,
  "Component-preload.js.map": 1747873402622,
  "view/Main.view.xml": 1747596946232,
  "view/Detail.view.xml": 1747761907897,
  "view/App.view.xml": 1746655211163,
  "css/style.css": 1743708243729,
  "images/Logo.png": 1745346534097,
  "index.html": 1747873345300
}