{
  "i18n/i18n_es_ES.properties": 1747701309006,
  "i18n/i18n_es.properties": 1747701305266,
  "i18n/i18n_en.properties": 1747701312702,
  "i18n/i18n.properties": 1747756374048,
  "controller/App.controller.js": 1746655211163,
  "model/models.js": 1743708243729,
  "model/PDF_Structure.json": 1745944315458,
  "lib/jspdf.js": 1748309324980,
  "controller/Main.controller.js": 1748555890487,
  "controller/Detail.controller.js": 1749080059583,
  "controller/BaseController.js": 1749080367231,
  "util/formatter.js": 1748567603749,
  "manifest.json": 1749086497718,
  "Component.js": 1746655249587,
  "Component-preload.js": 1749086498997,
  "lib/jspdf-dbg.js": 1748309324980,
  "lib/jspdf.js.map": 1749086498636,
  "model/models-dbg.js": 1743708243729,
  "model/models.js.map": 1749086497892,
  "controller/App-dbg.controller.js": 1746655211163,
  "controller/App.controller.js.map": 1749086497890,
  "controller/Main-dbg.controller.js": 1748555890487,
  "controller/Main.controller.js.map": 1749086497927,
  "controller/Detail-dbg.controller.js": 1749080059583,
  "controller/Detail.controller.js.map": 1749086497931,
  "controller/BaseController-dbg.js": 1749080367231,
  "controller/BaseController.js.map": 1749086497954,
  "util/formatter-dbg.js": 1748567603749,
  "util/formatter.js.map": 1749086497939,
  "Component-dbg.js": 1746655249587,
  "Component.js.map": 1749086497935,
  "Component-preload-dbg.js": 1743708243729,
  "Component-preload.js.map": 1749086498998,
  "view/Main.view.xml": 1748894608357,
  "view/Detail.view.xml": 1748502176796,
  "view/App.view.xml": 1746655211163,
  "images/Logo.png": 1745346534097,
  "css/style.css": 1743708243729,
  "ui5-deploy.yaml": 1748296656684,
  "manifest_.txt": 1748038370958,
  "index.html": 1748308944380
}