{
  "controller/App-dbg.controller.js": 1746655211163,
  "i18n/i18n_es.properties": 1747701305266,
  "i18n/i18n_es_ES.properties": 1747701309006,
  "i18n/i18n.properties": 1747756374048,
  "controller/BaseController.js": 1750089748306,
  "model/models.js": 1743708243729,
  "model/PDF_Structure.json": 1750089623002,
  "lib/jspdf.js": 1748309324980,
  "controller/Main.controller.js": 1748555890487,
  "controller/Detail.controller.js": 1749687382252,
  "util/formatter.js": 1749681636753,
  "controller/App.controller.js": 1746655211163,
  "manifest.json": 1750089784004,
  "Component.js": 1746655249587,
  "Component-preload.js": 1750089785385,
  "model/models-dbg.js": 1743708243729,
  "model/models.js.map": 1750089784241,
  "controller/BaseController-dbg.js": 1750089748306,
  "controller/BaseController.js.map": 1750089784298,
  "lib/jspdf-dbg.js": 1748309324980,
  "lib/jspdf.js.map": 1750089785045,
  "controller/Main-dbg.controller.js": 1748555890487,
  "controller/Main.controller.js.map": 1750089784260,
  "controller/Detail-dbg.controller.js": 1749687382252,
  "controller/Detail.controller.js.map": 1750089784267,
  "util/formatter-dbg.js": 1749681636753,
  "util/formatter.js.map": 1750089784276,
  "i18n/i18n_en.properties": 1747701312702,
  "controller/App.controller.js.map": 1750089784273,
  "Component-dbg.js": 1746655249587,
  "Component.js.map": 1750089784279,
  "Component-preload-dbg.js": 1743708243729,
  "Component-preload.js.map": 1750089785386,
  "view/Main.view.xml": 1748894608357,
  "view/Detail.view.xml": 1748502176796,
  "view/App.view.xml": 1746655211163,
  "css/style.css": 1743708243729,
  "images/Logo.png": 1745346534097,
  "ui5-deploy.yaml": 1748296656684,
  "manifest_.txt": 1748038370958,
  "index.html": 1748308944380
}