{
  "model/models-dbg.js": 1743708243729,
  "i18n/i18n_es.properties": 1747701305266,
  "i18n/i18n_en.properties": 1747701312702,
  "i18n/i18n.properties": 1747756374048,
  "Component-preload.js": 1748471799584,
  "model/models.js": 1743708243729,
  "model/PDF_Structure.json": 1745944315458,
  "lib/jspdf.js": 1748309324980,
  "controller/Main.controller.js": 1747760330929,
  "controller/Detail.controller.js": 1748471759043,
  "controller/BaseController.js": 1748471567471,
  "controller/App.controller.js": 1746655211163,
  "manifest.json": 1748471798100,
  "Component.js": 1746655249587,
  "util/formatter.js": 1748471486383,
  "util/formatter-dbg.js": 1748471486383,
  "util/formatter.js.map": 1748471798388,
  "i18n/i18n_es_ES.properties": 1747701309006,
  "model/models.js.map": 1748471798308,
  "lib/jspdf-dbg.js": 1748309324980,
  "lib/jspdf.js.map": 1748471799156,
  "controller/Main-dbg.controller.js": 1747760330929,
  "controller/Main.controller.js.map": 1748471798296,
  "controller/Detail-dbg.controller.js": 1748471759043,
  "controller/Detail.controller.js.map": 1748471798382,
  "controller/BaseController-dbg.js": 1748471567471,
  "controller/BaseController.js.map": 1748471798326,
  "controller/App-dbg.controller.js": 1746655211163,
  "controller/App.controller.js.map": 1748471798328,
  "Component-dbg.js": 1746655249587,
  "Component.js.map": 1748471798331,
  "Component-preload-dbg.js": 1743708243729,
  "Component-preload.js.map": 1748471799585,
  "view/Main.view.xml": 1747596946232,
  "view/Detail.view.xml": 1747761907897,
  "view/App.view.xml": 1746655211163,
  "css/style.css": 1743708243729,
  "images/Logo.png": 1745346534097,
  "ui5-deploy.yaml": 1748296656684,
  "manifest_.txt": 1748038370958,
  "index.html": 1748308944380
}